geracao,fitness_medio,melhor_fitness,melhor_x,melhor_y
0,162.67,786.33,-14,-13
1,255.44,802.67,-14,-14
2,398.75,905.00,-15,-15
3,477.54,905.00,-15,-15
4,600.89,905.00,-15,-15
5,680.11,905.00,-15,-15
6,760.37,905.00,-15,-15
7,815.06,905.00,-15,-15
8,858.79,905.00,-15,-15
9,886.29,905.00,-15,-15
10,899.20,905.00,-15,-15
11,905.00,905.00,-15,-15
12,905.00,905.00,-15,-15
13,905.00,905.00,-15,-15
14,905.00,905.00,-15,-15
15,905.00,905.00,-15,-15
16,905.00,905.00,-15,-15
17,905.00,905.00,-15,-15
18,905.00,905.00,-15,-15
19,905.00,905.00,-15,-15
20,905.00,905.00,-15,-15
21,905.00,905.00,-15,-15
22,905.00,905.00,-15,-15
23,905.00,905.00,-15,-15
24,905.00,905.00,-15,-15
25,905.00,905.00,-15,-15
26,905.00,905.00,-15,-15
27,905.00,905.00,-15,-15
28,905.00,905.00,-15,-15
29,905.00,905.00,-15,-15
30,905.00,905.00,-15,-15
31,905.00,905.00,-15,-15
32,905.00,905.00,-15,-15
33,905.00,905.00,-15,-15
34,905.00,905.00,-15,-15
35,905.00,905.00,-15,-15
36,905.00,905.00,-15,-15
37,905.00,905.00,-15,-15
38,905.00,905.00,-15,-15
39,905.00,905.00,-15,-15
40,905.00,905.00,-15,-15
41,905.00,905.00,-15,-15
42,905.00,905.00,-15,-15
43,905.00,905.00,-15,-15
44,905.00,905.00,-15,-15
45,905.00,905.00,-15,-15
46,905.00,905.00,-15,-15
47,905.00,905.00,-15,-15
48,905.00,905.00,-15,-15
49,905.00,905.00,-15,-15
50,905.00,905.00,-15,-15
51,905.00,905.00,-15,-15
52,905.00,905.00,-15,-15
53,905.00,905.00,-15,-15
54,905.00,905.00,-15,-15
55,905.00,905.00,-15,-15
56,905.00,905.00,-15,-15
57,905.00,905.00,-15,-15
58,905.00,905.00,-15,-15
59,905.00,905.00,-15,-15
60,905.00,905.00,-15,-15
61,905.00,905.00,-15,-15
62,905.00,905.00,-15,-15
63,905.00,905.00,-15,-15
64,905.00,905.00,-15,-15
65,905.00,905.00,-15,-15
66,905.00,905.00,-15,-15
67,905.00,905.00,-15,-15
68,905.00,905.00,-15,-15
69,905.00,905.00,-15,-15
70,905.00,905.00,-15,-15
71,905.00,905.00,-15,-15
72,905.00,905.00,-15,-15
73,905.00,905.00,-15,-15
74,905.00,905.00,-15,-15
75,905.00,905.00,-15,-15
76,905.00,905.00,-15,-15
77,905.00,905.00,-15,-15
78,905.00,905.00,-15,-15
79,905.00,905.00,-15,-15
80,905.00,905.00,-15,-15
81,905.00,905.00,-15,-15
82,905.00,905.00,-15,-15
83,905.00,905.00,-15,-15
84,905.00,905.00,-15,-15
85,905.00,905.00,-15,-15
86,905.00,905.00,-15,-15
87,905.00,905.00,-15,-15
88,905.00,905.00,-15,-15
89,905.00,905.00,-15,-15
90,905.00,905.00,-15,-15
91,905.00,905.00,-15,-15
92,905.00,905.00,-15,-15
93,905.00,905.00,-15,-15
94,905.00,905.00,-15,-15
95,905.00,905.00,-15,-15
96,905.00,905.00,-15,-15
97,905.00,905.00,-15,-15
98,905.00,905.00,-15,-15
99,905.00,905.00,-15,-15
100,905.00,905.00,-15,-15
101,905.00,905.00,-15,-15
102,905.00,905.00,-15,-15
103,905.00,905.00,-15,-15
104,905.00,905.00,-15,-15
105,905.00,905.00,-15,-15
106,905.00,905.00,-15,-15
107,905.00,905.00,-15,-15
108,905.00,905.00,-15,-15
109,905.00,905.00,-15,-15
110,905.00,905.00,-15,-15
111,905.00,905.00,-15,-15
112,905.00,905.00,-15,-15
113,905.00,905.00,-15,-15
114,905.00,905.00,-15,-15
115,905.00,905.00,-15,-15
116,905.00,905.00,-15,-15
117,905.00,905.00,-15,-15
118,905.00,905.00,-15,-15
119,905.00,905.00,-15,-15
120,905.00,905.00,-15,-15
121,905.00,905.00,-15,-15
122,905.00,905.00,-15,-15
123,905.00,905.00,-15,-15
124,905.00,905.00,-15,-15
125,905.00,905.00,-15,-15
126,905.00,905.00,-15,-15
127,905.00,905.00,-15,-15
128,905.00,905.00,-15,-15
129,905.00,905.00,-15,-15
130,905.00,905.00,-15,-15
131,905.00,905.00,-15,-15
132,905.00,905.00,-15,-15
133,905.00,905.00,-15,-15
134,905.00,905.00,-15,-15
135,905.00,905.00,-15,-15
136,905.00,905.00,-15,-15
137,905.00,905.00,-15,-15
138,905.00,905.00,-15,-15
139,905.00,905.00,-15,-15
140,905.00,905.00,-15,-15
141,905.00,905.00,-15,-15
142,905.00,905.00,-15,-15
143,905.00,905.00,-15,-15
144,905.00,905.00,-15,-15
145,905.00,905.00,-15,-15
146,905.00,905.00,-15,-15
147,905.00,905.00,-15,-15
148,905.00,905.00,-15,-15
149,905.00,905.00,-15,-15
150,905.00,905.00,-15,-15
151,905.00,905.00,-15,-15
152,905.00,905.00,-15,-15
153,905.00,905.00,-15,-15
154,905.00,905.00,-15,-15
155,905.00,905.00,-15,-15
156,905.00,905.00,-15,-15
157,905.00,905.00,-15,-15
158,905.00,905.00,-15,-15
159,905.00,905.00,-15,-15
160,905.00,905.00,-15,-15
161,905.00,905.00,-15,-15
162,905.00,905.00,-15,-15
163,905.00,905.00,-15,-15
164,905.00,905.00,-15,-15
165,905.00,905.00,-15,-15
166,905.00,905.00,-15,-15
167,905.00,905.00,-15,-15
168,905.00,905.00,-15,-15
169,905.00,905.00,-15,-15
170,905.00,905.00,-15,-15
171,905.00,905.00,-15,-15
172,905.00,905.00,-15,-15
173,905.00,905.00,-15,-15
174,905.00,905.00,-15,-15
175,905.00,905.00,-15,-15
176,905.00,905.00,-15,-15
177,905.00,905.00,-15,-15
178,905.00,905.00,-15,-15
179,905.00,905.00,-15,-15
180,905.00,905.00,-15,-15
181,905.00,905.00,-15,-15
182,905.00,905.00,-15,-15
183,905.00,905.00,-15,-15
184,905.00,905.00,-15,-15
185,905.00,905.00,-15,-15
186,905.00,905.00,-15,-15
187,905.00,905.00,-15,-15
188,905.00,905.00,-15,-15
189,905.00,905.00,-15,-15
190,905.00,905.00,-15,-15
191,905.00,905.00,-15,-15
192,905.00,905.00,-15,-15
193,905.00,905.00,-15,-15
194,905.00,905.00,-15,-15
195,905.00,905.00,-15,-15
196,905.00,905.00,-15,-15
197,905.00,905.00,-15,-15
198,905.00,905.00,-15,-15
199,905.00,905.00,-15,-15
200,905.00,905.00,-15,-15
